{
  "base_model": {
    "standard": {
      "precision": 0.00625,
      "recall": 0.0125,
      "f1": 0.007833333333333333,
      "exact_match": 0.0
    },
    "cluster": {
      "precision": 0.011666666666666665,
      "recall": 0.015,
      "f1": 0.0125,
      "exact_match": 0.01
    },
    "domain": {
      "precision": 0.026666666666666665,
      "recall": 0.03,
      "f1": 0.0275,
      "exact_match": 0.025
    }
  },
  "finetuned_model": {
    "standard": {
      "precision": 0.11958333333333332,
      "recall": 0.13375,
      "f1": 0.11908333333333333,
      "exact_match": 0.06
    },
    "cluster": {
      "precision": 0.22541666666666668,
      "recall": 0.2275,
      "f1": 0.21778571428571428,
      "exact_match": 0.16
    },
    "domain": {
      "precision": 0.31583333333333335,
      "recall": 0.30916666666666665,
      "f1": 0.30599999999999994,
      "exact_match": 0.245
    }
  },
  "num_test": 1693,
  "num_train": 4960
}