{
  "base_model": {
    "standard": {
      "precision": 0.011639880952380954,
      "recall": 0.0525,
      "f1": 0.017498259910024613,
      "exact_match": 0.0
    },
    "cluster": {
      "precision": 0.05954166666666667,
      "recall": 0.11,
      "f1": 0.07053968253968254,
      "exact_match": 0.02
    },
    "domain": {
      "precision": 0.12491666666666662,
      "recall": 0.185,
      "f1": 0.13983333333333334,
      "exact_match": 0.075
    }
  },
  "finetuned_model": {
    "standard": {
      "precision": 0.33954761904761904,
      "recall": 0.3358333333333334,
      "f1": 0.32550000000000007,
      "exact_match": 0.23
    },
    "cluster": {
      "precision": 0.4675,
      "recall": 0.46083333333333326,
      "f1": 0.457,
      "exact_match": 0.375
    },
    "domain": {
      "precision": 0.5683333333333332,
      "recall": 0.55,
      "f1": 0.5516666666666667,
      "exact_match": 0.49
    }
  },
  "num_test": 1693,
  "num_train": 4960
}